{"203.0.113.42": 1779041947.587787, "198.51.100.7": 1779041947.588577}